{
  "checkpoint": "models/vit_base_patch16_224_best.pth",
  "data_dir": "data/augmented",
  "class_names": [
    "bicycle",
    "boat",
    "bus",
    "car",
    "helicopter",
    "minibus",
    "motorcycle",
    "taxi",
    "train",
    "truck"
  ],
  "primary_metric_split": "valid_unseen",
  "official_evaluation_split": "test",
  "valid_unseen": {
    "loss": 0.662566,
    "accuracy": 0.936111,
    "samples": 1800,
    "classification_report": {
      "bicycle": {
        "precision": 1.0,
        "recall": 0.9506172839506173,
        "f1-score": 0.9746835443037974,
        "support": 81.0
      },
      "boat": {
        "precision": 0.9842696629213483,
        "recall": 0.9842696629213483,
        "f1-score": 0.9842696629213483,
        "support": 445.0
      },
      "bus": {
        "precision": 0.9414634146341463,
        "recall": 0.9507389162561576,
        "f1-score": 0.946078431372549,
        "support": 203.0
      },
      "car": {
        "precision": 0.9152941176470588,
        "recall": 0.9110070257611241,
        "f1-score": 0.9131455399061033,
        "support": 427.0
      },
      "helicopter": {
        "precision": 0.9428571428571428,
        "recall": 1.0,
        "f1-score": 0.9705882352941176,
        "support": 33.0
      },
      "minibus": {
        "precision": 0.8243243243243243,
        "recall": 0.8243243243243243,
        "f1-score": 0.8243243243243243,
        "support": 74.0
      },
      "motorcycle": {
        "precision": 0.9777777777777777,
        "recall": 0.990990990990991,
        "f1-score": 0.9843400447427293,
        "support": 222.0
      },
      "taxi": {
        "precision": 0.8163265306122449,
        "recall": 0.8888888888888888,
        "f1-score": 0.851063829787234,
        "support": 45.0
      },
      "train": {
        "precision": 0.9425287356321839,
        "recall": 0.9761904761904762,
        "f1-score": 0.9590643274853801,
        "support": 84.0
      },
      "truck": {
        "precision": 0.8539325842696629,
        "recall": 0.8172043010752689,
        "f1-score": 0.8351648351648352,
        "support": 186.0
      },
      "accuracy": 0.9361111111111111,
      "macro avg": {
        "precision": 0.9198774290675888,
        "recall": 0.9294231870359196,
        "f1-score": 0.924272277530242,
        "support": 1800.0
      },
      "weighted avg": {
        "precision": 0.93603732340655,
        "recall": 0.9361111111111111,
        "f1-score": 0.9359273728247721,
        "support": 1800.0
      }
    },
    "confusion_matrix": [
      [
        77,
        1,
        0,
        0,
        0,
        0,
        3,
        0,
        0,
        0
      ],
      [
        0,
        438,
        1,
        4,
        2,
        0,
        0,
        0,
        0,
        0
      ],
      [
        0,
        1,
        193,
        0,
        0,
        4,
        0,
        1,
        2,
        2
      ],
      [
        0,
        4,
        2,
        389,
        0,
        5,
        1,
        8,
        1,
        17
      ],
      [
        0,
        0,
        0,
        0,
        33,
        0,
        0,
        0,
        0,
        0
      ],
      [
        0,
        0,
        1,
        5,
        0,
        61,
        0,
        0,
        0,
        7
      ],
      [
        0,
        1,
        0,
        1,
        0,
        0,
        220,
        0,
        0,
        0
      ],
      [
        0,
        0,
        0,
        5,
        0,
        0,
        0,
        40,
        0,
        0
      ],
      [
        0,
        0,
        2,
        0,
        0,
        0,
        0,
        0,
        82,
        0
      ],
      [
        0,
        0,
        6,
        21,
        0,
        4,
        1,
        0,
        2,
        152
      ]
    ]
  },
  "test": {
    "loss": 0.655681,
    "accuracy": 0.940572,
    "samples": 3601,
    "classification_report": {
      "bicycle": {
        "precision": 0.9493670886075949,
        "recall": 0.9259259259259259,
        "f1-score": 0.9375,
        "support": 162.0
      },
      "boat": {
        "precision": 0.983127109111361,
        "recall": 0.9820224719101124,
        "f1-score": 0.9825744800449691,
        "support": 890.0
      },
      "bus": {
        "precision": 0.9768041237113402,
        "recall": 0.9334975369458128,
        "f1-score": 0.9546599496221663,
        "support": 406.0
      },
      "car": {
        "precision": 0.9147465437788018,
        "recall": 0.9297423887587822,
        "f1-score": 0.9221835075493612,
        "support": 854.0
      },
      "helicopter": {
        "precision": 0.9558823529411765,
        "recall": 0.9701492537313433,
        "f1-score": 0.9629629629629629,
        "support": 67.0
      },
      "minibus": {
        "precision": 0.8285714285714286,
        "recall": 0.7837837837837838,
        "f1-score": 0.8055555555555556,
        "support": 148.0
      },
      "motorcycle": {
        "precision": 0.9691629955947136,
        "recall": 0.990990990990991,
        "f1-score": 0.9799554565701559,
        "support": 444.0
      },
      "taxi": {
        "precision": 0.7916666666666666,
        "recall": 0.8351648351648352,
        "f1-score": 0.8128342245989305,
        "support": 91.0
      },
      "train": {
        "precision": 0.9940828402366864,
        "recall": 1.0,
        "f1-score": 0.9970326409495549,
        "support": 168.0
      },
      "truck": {
        "precision": 0.876010781671159,
        "recall": 0.876010781671159,
        "f1-score": 0.876010781671159,
        "support": 371.0
      },
      "accuracy": 0.9405720633157456,
      "macro avg": {
        "precision": 0.9239421930890929,
        "recall": 0.9227287968882745,
        "f1-score": 0.9231269559524815,
        "support": 3601.0
      },
      "weighted avg": {
        "precision": 0.9407345906757998,
        "recall": 0.9405720633157456,
        "f1-score": 0.9405202176644526,
        "support": 3601.0
      }
    },
    "confusion_matrix": [
      [
        150,
        3,
        0,
        0,
        1,
        0,
        7,
        0,
        0,
        1
      ],
      [
        2,
        874,
        0,
        11,
        2,
        0,
        0,
        0,
        0,
        1
      ],
      [
        0,
        1,
        379,
        3,
        0,
        8,
        1,
        1,
        1,
        12
      ],
      [
        1,
        8,
        1,
        794,
        0,
        4,
        6,
        17,
        0,
        23
      ],
      [
        0,
        2,
        0,
        0,
        65,
        0,
        0,
        0,
        0,
        0
      ],
      [
        0,
        0,
        2,
        22,
        0,
        116,
        0,
        1,
        0,
        7
      ],
      [
        3,
        0,
        0,
        1,
        0,
        0,
        440,
        0,
        0,
        0
      ],
      [
        0,
        0,
        0,
        13,
        0,
        0,
        0,
        76,
        0,
        2
      ],
      [
        0,
        0,
        0,
        0,
        0,
        0,
        0,
        0,
        168,
        0
      ],
      [
        2,
        1,
        6,
        24,
        0,
        12,
        0,
        1,
        0,
        325
      ]
    ]
  },
  "valid_traincopy": null
}