{
  "checkpoint": "models/yolo/yolo_cls_best.pt",
  "data_dir": "data/augmented",
  "class_names": [
    "bicycle",
    "boat",
    "bus",
    "car",
    "helicopter",
    "minibus",
    "motorcycle",
    "taxi",
    "train",
    "truck"
  ],
  "primary_metric_split": "valid_unseen",
  "official_evaluation_split": "test",
  "valid_unseen": {
    "loss": 0.24938,
    "accuracy": 0.919444,
    "samples": 1800,
    "classification_report": {
      "bicycle": {
        "precision": 0.95,
        "recall": 0.9382716049382716,
        "f1-score": 0.9440993788819876,
        "support": 81.0
      },
      "boat": {
        "precision": 0.9583333333333334,
        "recall": 0.9820224719101124,
        "f1-score": 0.9700332963374029,
        "support": 445.0
      },
      "bus": {
        "precision": 0.9362745098039216,
        "recall": 0.9408866995073891,
        "f1-score": 0.9385749385749386,
        "support": 203.0
      },
      "car": {
        "precision": 0.8853932584269663,
        "recall": 0.9227166276346604,
        "f1-score": 0.9036697247706422,
        "support": 427.0
      },
      "helicopter": {
        "precision": 0.9696969696969697,
        "recall": 0.9696969696969697,
        "f1-score": 0.9696969696969697,
        "support": 33.0
      },
      "minibus": {
        "precision": 0.8,
        "recall": 0.7567567567567568,
        "f1-score": 0.7777777777777778,
        "support": 74.0
      },
      "motorcycle": {
        "precision": 0.9553571428571429,
        "recall": 0.963963963963964,
        "f1-score": 0.9596412556053812,
        "support": 222.0
      },
      "taxi": {
        "precision": 0.9090909090909091,
        "recall": 0.6666666666666666,
        "f1-score": 0.7692307692307693,
        "support": 45.0
      },
      "train": {
        "precision": 0.9404761904761905,
        "recall": 0.9404761904761905,
        "f1-score": 0.9404761904761905,
        "support": 84.0
      },
      "truck": {
        "precision": 0.8538011695906432,
        "recall": 0.7849462365591398,
        "f1-score": 0.8179271708683473,
        "support": 186.0
      },
      "accuracy": 0.9194444444444444,
      "macro avg": {
        "precision": 0.9158423483276076,
        "recall": 0.8866404188110121,
        "f1-score": 0.8991127472220407,
        "support": 1800.0
      },
      "weighted avg": {
        "precision": 0.918633541299489,
        "recall": 0.9194444444444444,
        "f1-score": 0.9182668357023386,
        "support": 1800.0
      }
    },
    "confusion_matrix": [
      [
        76,
        1,
        0,
        1,
        0,
        0,
        3,
        0,
        0,
        0
      ],
      [
        1,
        437,
        0,
        5,
        0,
        0,
        2,
        0,
        0,
        0
      ],
      [
        0,
        2,
        191,
        1,
        0,
        3,
        0,
        1,
        4,
        1
      ],
      [
        0,
        4,
        3,
        394,
        0,
        7,
        2,
        2,
        1,
        14
      ],
      [
        0,
        1,
        0,
        0,
        32,
        0,
        0,
        0,
        0,
        0
      ],
      [
        0,
        0,
        1,
        7,
        0,
        56,
        0,
        0,
        0,
        10
      ],
      [
        3,
        3,
        0,
        1,
        1,
        0,
        214,
        0,
        0,
        0
      ],
      [
        0,
        0,
        0,
        15,
        0,
        0,
        0,
        30,
        0,
        0
      ],
      [
        0,
        1,
        2,
        1,
        0,
        0,
        1,
        0,
        79,
        0
      ],
      [
        0,
        7,
        7,
        20,
        0,
        4,
        2,
        0,
        0,
        146
      ]
    ]
  },
  "test": {
    "loss": 0.261849,
    "accuracy": 0.915301,
    "samples": 3601,
    "classification_report": {
      "bicycle": {
        "precision": 0.9156626506024096,
        "recall": 0.9382716049382716,
        "f1-score": 0.926829268292683,
        "support": 162.0
      },
      "boat": {
        "precision": 0.9568106312292359,
        "recall": 0.9707865168539326,
        "f1-score": 0.9637479085331846,
        "support": 890.0
      },
      "bus": {
        "precision": 0.9375,
        "recall": 0.9236453201970444,
        "f1-score": 0.9305210918114144,
        "support": 406.0
      },
      "car": {
        "precision": 0.8786516853932584,
        "recall": 0.9156908665105387,
        "f1-score": 0.8967889908256881,
        "support": 854.0
      },
      "helicopter": {
        "precision": 0.967741935483871,
        "recall": 0.8955223880597015,
        "f1-score": 0.9302325581395349,
        "support": 67.0
      },
      "minibus": {
        "precision": 0.8068965517241379,
        "recall": 0.7905405405405406,
        "f1-score": 0.7986348122866894,
        "support": 148.0
      },
      "motorcycle": {
        "precision": 0.9640449438202248,
        "recall": 0.9662162162162162,
        "f1-score": 0.9651293588301463,
        "support": 444.0
      },
      "taxi": {
        "precision": 0.8169014084507042,
        "recall": 0.6373626373626373,
        "f1-score": 0.7160493827160493,
        "support": 91.0
      },
      "train": {
        "precision": 0.9759036144578314,
        "recall": 0.9642857142857143,
        "f1-score": 0.9700598802395209,
        "support": 168.0
      },
      "truck": {
        "precision": 0.8413597733711048,
        "recall": 0.8005390835579514,
        "f1-score": 0.8204419889502762,
        "support": 371.0
      },
      "accuracy": 0.9153013051930019,
      "macro avg": {
        "precision": 0.9061473194532776,
        "recall": 0.8802860888522549,
        "f1-score": 0.8918435240625188,
        "support": 3601.0
      },
      "weighted avg": {
        "precision": 0.9146409375797927,
        "recall": 0.9153013051930019,
        "f1-score": 0.914492319367075,
        "support": 3601.0
      }
    },
    "confusion_matrix": [
      [
        152,
        4,
        0,
        1,
        1,
        0,
        3,
        0,
        0,
        1
      ],
      [
        4,
        864,
        0,
        14,
        1,
        0,
        3,
        0,
        0,
        4
      ],
      [
        0,
        7,
        375,
        2,
        0,
        5,
        0,
        0,
        3,
        14
      ],
      [
        2,
        14,
        3,
        782,
        0,
        7,
        10,
        11,
        1,
        24
      ],
      [
        0,
        5,
        0,
        2,
        60,
        0,
        0,
        0,
        0,
        0
      ],
      [
        0,
        1,
        5,
        12,
        0,
        117,
        0,
        1,
        0,
        12
      ],
      [
        7,
        2,
        0,
        6,
        0,
        0,
        429,
        0,
        0,
        0
      ],
      [
        0,
        0,
        0,
        33,
        0,
        0,
        0,
        58,
        0,
        0
      ],
      [
        0,
        2,
        2,
        1,
        0,
        0,
        0,
        0,
        162,
        1
      ],
      [
        1,
        4,
        15,
        37,
        0,
        16,
        0,
        1,
        0,
        297
      ]
    ]
  },
  "valid_traincopy": null
}