{
  "checkpoint": "models/resnet50_best.pth",
  "data_dir": "data/augmented",
  "class_names": [
    "bicycle",
    "boat",
    "bus",
    "car",
    "helicopter",
    "minibus",
    "motorcycle",
    "taxi",
    "train",
    "truck"
  ],
  "primary_metric_split": "valid_unseen",
  "official_evaluation_split": "test",
  "valid_unseen": {
    "loss": 0.717749,
    "accuracy": 0.922222,
    "samples": 1800,
    "classification_report": {
      "bicycle": {
        "precision": 0.9358974358974359,
        "recall": 0.9012345679012346,
        "f1-score": 0.9182389937106918,
        "support": 81.0
      },
      "boat": {
        "precision": 0.9751131221719457,
        "recall": 0.9685393258426966,
        "f1-score": 0.971815107102593,
        "support": 445.0
      },
      "bus": {
        "precision": 0.9455445544554455,
        "recall": 0.9408866995073891,
        "f1-score": 0.9432098765432099,
        "support": 203.0
      },
      "car": {
        "precision": 0.8960739030023095,
        "recall": 0.9086651053864169,
        "f1-score": 0.9023255813953488,
        "support": 427.0
      },
      "helicopter": {
        "precision": 1.0,
        "recall": 0.9393939393939394,
        "f1-score": 0.96875,
        "support": 33.0
      },
      "minibus": {
        "precision": 0.7536231884057971,
        "recall": 0.7027027027027027,
        "f1-score": 0.7272727272727273,
        "support": 74.0
      },
      "motorcycle": {
        "precision": 0.9559471365638766,
        "recall": 0.9774774774774775,
        "f1-score": 0.9665924276169265,
        "support": 222.0
      },
      "taxi": {
        "precision": 0.8974358974358975,
        "recall": 0.7777777777777778,
        "f1-score": 0.8333333333333334,
        "support": 45.0
      },
      "train": {
        "precision": 0.9411764705882353,
        "recall": 0.9523809523809523,
        "f1-score": 0.9467455621301775,
        "support": 84.0
      },
      "truck": {
        "precision": 0.8350515463917526,
        "recall": 0.8709677419354839,
        "f1-score": 0.8526315789473684,
        "support": 186.0
      },
      "accuracy": 0.9222222222222223,
      "macro avg": {
        "precision": 0.9135863254912696,
        "recall": 0.894002629030607,
        "f1-score": 0.9030915188052377,
        "support": 1800.0
      },
      "weighted avg": {
        "precision": 0.9222519664515292,
        "recall": 0.9222222222222223,
        "f1-score": 0.9219923672208836,
        "support": 1800.0
      }
    },
    "confusion_matrix": [
      [
        73,
        1,
        0,
        2,
        0,
        0,
        5,
        0,
        0,
        0
      ],
      [
        2,
        431,
        0,
        6,
        0,
        0,
        3,
        0,
        0,
        3
      ],
      [
        0,
        1,
        191,
        2,
        0,
        3,
        0,
        1,
        3,
        2
      ],
      [
        0,
        3,
        3,
        388,
        0,
        9,
        2,
        3,
        1,
        18
      ],
      [
        0,
        2,
        0,
        0,
        31,
        0,
        0,
        0,
        0,
        0
      ],
      [
        0,
        0,
        1,
        13,
        0,
        52,
        0,
        0,
        0,
        8
      ],
      [
        3,
        1,
        0,
        0,
        0,
        0,
        217,
        0,
        0,
        1
      ],
      [
        0,
        1,
        0,
        9,
        0,
        0,
        0,
        35,
        0,
        0
      ],
      [
        0,
        0,
        2,
        2,
        0,
        0,
        0,
        0,
        80,
        0
      ],
      [
        0,
        2,
        5,
        11,
        0,
        5,
        0,
        0,
        1,
        162
      ]
    ]
  },
  "test": {
    "loss": 0.719857,
    "accuracy": 0.916968,
    "samples": 3601,
    "classification_report": {
      "bicycle": {
        "precision": 0.9419354838709677,
        "recall": 0.9012345679012346,
        "f1-score": 0.9211356466876972,
        "support": 162.0
      },
      "boat": {
        "precision": 0.9750566893424036,
        "recall": 0.9662921348314607,
        "f1-score": 0.9706546275395034,
        "support": 890.0
      },
      "bus": {
        "precision": 0.9441624365482234,
        "recall": 0.916256157635468,
        "f1-score": 0.93,
        "support": 406.0
      },
      "car": {
        "precision": 0.8843069873997709,
        "recall": 0.9039812646370023,
        "f1-score": 0.8940359004053272,
        "support": 854.0
      },
      "helicopter": {
        "precision": 0.9841269841269841,
        "recall": 0.9253731343283582,
        "f1-score": 0.9538461538461539,
        "support": 67.0
      },
      "minibus": {
        "precision": 0.8692307692307693,
        "recall": 0.7635135135135135,
        "f1-score": 0.8129496402877698,
        "support": 148.0
      },
      "motorcycle": {
        "precision": 0.9555555555555556,
        "recall": 0.9684684684684685,
        "f1-score": 0.9619686800894854,
        "support": 444.0
      },
      "taxi": {
        "precision": 0.7857142857142857,
        "recall": 0.7252747252747253,
        "f1-score": 0.7542857142857143,
        "support": 91.0
      },
      "train": {
        "precision": 0.9479768786127167,
        "recall": 0.9761904761904762,
        "f1-score": 0.9618768328445748,
        "support": 168.0
      },
      "truck": {
        "precision": 0.7984886649874056,
        "recall": 0.8544474393530997,
        "f1-score": 0.8255208333333334,
        "support": 371.0
      },
      "accuracy": 0.9169675090252708,
      "macro avg": {
        "precision": 0.9086554735389084,
        "recall": 0.8901031882133807,
        "f1-score": 0.898627402931956,
        "support": 3601.0
      },
      "weighted avg": {
        "precision": 0.9177369778246074,
        "recall": 0.9169675090252708,
        "f1-score": 0.916977262519934,
        "support": 3601.0
      }
    },
    "confusion_matrix": [
      [
        146,
        2,
        0,
        2,
        0,
        1,
        9,
        1,
        0,
        1
      ],
      [
        1,
        860,
        0,
        17,
        1,
        0,
        1,
        1,
        1,
        8
      ],
      [
        0,
        0,
        372,
        8,
        0,
        5,
        1,
        0,
        3,
        17
      ],
      [
        0,
        12,
        5,
        772,
        0,
        4,
        9,
        13,
        0,
        39
      ],
      [
        0,
        5,
        0,
        0,
        62,
        0,
        0,
        0,
        0,
        0
      ],
      [
        0,
        0,
        2,
        19,
        0,
        113,
        0,
        1,
        0,
        13
      ],
      [
        8,
        0,
        0,
        5,
        0,
        0,
        430,
        0,
        1,
        0
      ],
      [
        0,
        0,
        0,
        24,
        0,
        0,
        0,
        66,
        0,
        1
      ],
      [
        0,
        1,
        2,
        0,
        0,
        0,
        0,
        0,
        164,
        1
      ],
      [
        0,
        2,
        13,
        26,
        0,
        7,
        0,
        2,
        4,
        317
      ]
    ]
  },
  "valid_traincopy": null
}